"icao","airport","city","state"
"SBFE","JOÃO DURVAL CARNEIRO","FEIRA DE SANTANA","BA"
"SSPB","PATO BRANCO","PATO BRANCO","PR"
"SBRG","RIO GRANDE","RIO GRANDE","RS"
"SBGU","TANCREDO THOMAS DE FARIA","GUARAPUAVA","PR"
"SSOU","ARIPUANÃ","ARIPUANÃ","MT"
"SBSI","FAZENDA ITAGUASSU","MARACAJU","MS"
"SWSI","PRESIDENTE JOÃO BAPTISTA FIGUEIREDO","SINOPE","MG"
"SBQV","PEDRO OTACÍLIO FIGUEIREDO","VITÓRIA DA CONQUISTA","BA"
"SBAA","CONCEIÇÃO DO ARAGUAIA","CONCEIÇÃO DO ARAGUAIA","PA"
"SBAE","BAURU/AREALVA","BAURU","SP"
"SBAQ","BARTOLOMEU DE GUSMÃO","ARARAQUARA","SP"
"SBAR","SANTA MARIA","ARACAJU","SE"
"SBAT","PILOTO OSVALDO MARQUES DIAS","ALTA FLORESTA","MT"
"SBAU","ARAÇATUBA","ARAÇATUBA","SP"
"SBAX","ROMEU ZEMA","ARAXÁ","MG"
"SBBE","INTERNACIONAL DE BELÉM/VAL DE CANS/JÚLIO CEZAR RIBEIRO","BELÉM","PA"
"SBBG","COMANDANTE GUSTAVO KRAEMER","BAGÉ","RS"
"SBBH","PAMPULHA - CARLOS DRUMMOND DE ANDRADE","BELO HORIZONTE","MG"
"SBBI","BACACHERI","CURITIBA","PR"
"SBBP","ESTADUAL ARTHUR SIQUEIRA","BRAGANÇA PAULISTA","SP"
"SBBR","PRESIDENTE JUSCELINO KUBITSCHEK","BRASÍLIA","DF"
"SBBU","BAURU","BAURU","SP"
"SBBV","ATLAS BRASIL CANTANHEDE","BOA VISTA","RR"
"SBBW","BARRA DO GARÇAS","BARRA DO GARÇAS","MT"
"SBCA","AEROPORTO REGIONAL DO OESTE - CEL. ADALBERTO MENDES DA SILVA","CASCAVEL","PR"
"SBCB","CABO FRIO","CABO FRIO","RJ"
"SBCD","PREFEITO DR. CARLOS ALBERTO DA COSTA NEVES","CAÇADOR","SC"
"SBCF","TANCREDO NEVES","CONFINS","MG"
"SBCG","CAMPO GRANDE","CAMPO GRANDE","MS"
"SBCH","SERAFIN ENOSS BERTASO","CHAPECÓ","SC"
"SBCI","BRIGADEIRO LYSIAS AUGUSTO RODRIGUES","CAROLINA","MA"
"SBCJ","CARAJÁS","PARAUAPEBAS","PA"
"SSIM","FORQUILHINHA/CRICIÚMA (SBCM*)","FORQUILHINHA","SC"
"SBCN","NELSON RODRIGUES GUIMARÃES","CALDAS NOVAS","GO"
"SBCP","BARTOLOMEU LISANDRO","CAMPOS DOS GOYTACAZES","RJ"
"SBCR","CORUMBÁ","CORUMBÁ","MS"
"SBCT","AFONSO PENA","CURITIBA","PR"
"SBCX","HUGO CANTERGIANI","CAXIAS DO SUL","RS"
"SBCY","MARECHAL RONDON","VÁRZEA GRANDE","MT"
"SSCL","CASSILÂNDIA","CASSILÂNDIA","MS"
"SBDB","BONITO","BONITO","MS"
"SBDN","PRESIDENTE PRUDENTE","PRESIDENTE PRUDENTE","SP"
"SBDO","DOURADOS","DOURADOS","MS"
"SBEG","EDUARDO GOMES","MANAUS","AM"
"SBEK","JACAREACANGA","JACAREACANGA","PA"
"SBFI","CATARATAS","FOZ DO IGUAÇU","PR"
"SBFL","HERCÍLIO LUZ","FLORIANÓPOLIS","SC"
"SBFN","FERNANDO DE NORONHA","FERNANDO DE NORONHA","PE"
"SBFZ","PINTO MARTINS","FORTALEZA","CE"
"SBGL","RIO DE JANEIRO/GALEÃO – ANTÔNIO CARLOS JOBIM","RIO DE JANEIRO","RJ"
"SBGM","GUAJARÁ-MIRIM","GUAJARÁ-MIRIM","RO"
"SBGO","SANTA GENOVEVA/GOIÂNIA","GOIÂNIA","GO"
"SBGR","GUARULHOS - GOVERNADOR ANDRÉ FRANCO MONTORO","GUARULHOS","SP"
"SSGG","AEROPORTO REGIONAL DE GUARAPUAVA - TANCREDO THOMÁS DE FARIA","GUARAPUAVA","PR"
"SBGV","CORONEL ALTINO MACHADO","GOVERNADOR VALADARES","MG"
"SBGW","GUARATINGUETÁ","GUARATINGUETÁ","SP"
"SBHT","ALTAMIRA","ALTAMIRA","PA"
"SBIC","ITACOATIARA","ITACOATIARA","AM"
"SBIH","ITAITUBA","ITAITUBA","PA"
"SBIL","BAHIA - JORGE AMADO","ILHÉUS","BA"
"SBIP","USIMINAS","SANTANA DO PARAÍSO","MG"
"SBIZ","PREFEITO RENATO MOREIRA","IMPERATRIZ","MA"
"SBJD","COMANDANTE ROLIM ADOLFO AMARO","JUNDIAÍ","SP"
"SBJF","FRANCISCO DE ASSIS","JUIZ DE FORA","MG"
"SBJI","JI-PARANÁ","JI-PARANÁ","RO"
"SBJP","PRESIDENTE CASTRO PINTO","JOÃO PESSOA","PB"
"SBJR","JACAREPAGUÁ - ROBERTO MARINHO","RIO DE JANEIRO","RJ"
"SBJU","ORLANDO BEZERRA DE MENEZES","JUAZEIRO DO NORTE","CE"
"SBJV","LAURO CARNEIRO DE LOYOLA","JOINVILLE","SC"
"SBKG","PRESIDENTE JOÃO SUASSUNA","CAMPINA GRANDE","PB"
"SBKP","VIRACOPOS","CAMPINAS","SP"
"SBLE","HORÁCIO DE MATTOS","LENÇÓIS","BA"
"SBLJ","LAGES","LAGES","SC"
"SBLO","GOVERNADOR JOSÉ RICHA","LONDRINA","PR"
"SBLP","BOM JESUS DA LAPA","BOM JESUS DA LAPA","BA"
"SBMA","JOÃO CORREA DA ROCHA","MARABÁ","PA"
"SBMD","MONTE DOURADO","ALMEIRIM","PA"
"SBME","MACAÉ","MACAÉ","RJ"
"SBMG","SÍLVIO NAME JÚNIOR","MARINGÁ","PR"
"SBMK","MÁRIO RIBEIRO","MONTES CLAROS","MG"
"SBML","FRANK MILOYE MILENKOVICH","MARÍLIA","SP"
"SBMO","ZUMBI DOS PALMARES","MACEIÓ","AL"
"SBMQ","ALBERTO ALCOLUMBRE","MACAPÁ","AP"
"SBMS","DIX-SEPT ROSADO","MOSSORÓ","RN"
"SBMT","CAMPO DE MARTE","SÃO PAULO","SP"
"SBMY","MANICORÉ","MANICORÉ","AM"
"SBNF","MINISTRO VICTOR KONDER","NAVEGANTES","SC"
"SBNM","SANTO ÂNGELO","SANTO ÂNGELO","RS"
"SBOI","OIAPOQUE","OIAPOQUE","AP"
"SBPA","SALGADO FILHO","PORTO ALEGRE","RS"
"SBPB","AEROPORTO INTERNACIONAL DE PARNAÍBA / PREFEITO DOUTOR JOÃO SILVA FILHO","PARNAÍBA","PI"
"SBPC","EMBAIXADOR WALTHER MOREIRA SALLES","POÇOS DE CALDAS","MG"
"SBPF","LAURO KURTZ","PASSO FUNDO","RS"
"SBPJ","BRIGADEIRO LYSIAS RODRIGUES","PALMAS","TO"
"SBPK","JOÃO SIMÕES LOPES NETO","PELOTAS","RS"
"SBPL","SENADOR NILO COELHO","PETROLINA","PE"
"SDPE","PORTO NACIONAL","PORTO NACIONAL","TO"
"SBPP","PONTA PORÃ","PONTA PORÃ","MS"
"SBPR","CARLOS PRATES","BELO HORIZONTE","MG"
"SBPS","PORTO SEGURO","PORTO SEGURO","BA"
"SBPV","GOVERNADOR JORGE TEIXEIRA DE OLIVEIRA","PORTO VELHO","RO"
"SBRB","PLÁCIDO DE CASTRO","RIO BRANCO","AC"
"SBRD","RONDONÓPOLIS - MAESTRO MARINHO FRANCO","RONDONÓPOLIS","MT"
"SBRF","GUARARAPES - GILBERTO FREYRE","RECIFE","PE"
"SBRJ","SANTOS DUMONT","RIO DE JANEIRO","RJ"
"SBRP","LEITE LOPES","RIBEIRÃO PRETO","SP"
"SBSG","GOVERNADOR ALUIZIO ALVES","SÃO GONÇALO DO AMARANTE","RN"
"SBSJ","PROFESSOR URBANO ERNESTO STUMPF","SÃO JOSÉ DOS CAMPOS","SP"
"SBSL","MARECHAL CUNHA MACHADO","SÃO LUÍS","MA"
"SBSM","SANTA MARIA","SANTA MARIA","RS"
"SBSN","MAESTRO WILSON FONSECA","SANTARÉM","PA"
"SBSP","CONGONHAS","SÃO PAULO","SP"
"SBSR","PROFESSOR ERIBERTO MANOEL REINO","SÃO JOSÉ DO RIO PRETO","SP"
"SBSV","DEPUTADO LUÍS EDUARDO MAGALHÃES","SALVADOR","BA"
"SBTB","TROMBETAS","ORIXIMINÁ","PA"
"SBTD","LUIZ DALCANALE FILHO","TOLEDO","PR"
"SBTE","SENADOR PETRÔNIO PORTELLA","TERESINA","PI"
"SBTF","PREFEITO ORLANDO MARINHO","TEFÉ","AM"
"SBTG","TRÊS LAGOAS","TRÊS LAGOAS","MS"
"SBTK","TARAUACÁ","TARAUACÁ","AC"
"SSTE","TORRES","TORRES","RS"
"SBTT","TABATINGA","TABATINGA","AM"
"SBTU","TUCURUÍ","TUCURUÍ","PA"
"SBUA","SÃO GABRIEL DA CACHOEIRA","SÃO GABRIEL DA CACHOEIRA","AM"
"SBUF","PAULO AFONSO","PAULO AFONSO","BA"
"SBUG","RUBEM BERTA","URUGUAIANA","RS"
"SBUL","TEN CEL AVIADOR CÉSAR BOMBONATO","UBERLÂNDIA","MG"
"SBUR","MARIO DE ALMEIDA FRANCO","UBERABA","MG"
"SBVG","MAJOR BRIGADEIRO TROMPOWSKY","VARGINHA","MG"
"SBVH","VILHENA","VILHENA","RO"
"SBVT","EURICO DE AGUIAR SALLES","VITÓRIA","ES"
"SBZM","PRESIDENTE ITAMAR FRANCO","GOIANÁ","MG"
"SDAA","ARARAS","ARARAS","SP"
"SDAD","EVERALDO MORAES BARRETO","ADAMANTINA","SP"
"SDAE","SÃO PEDRO","SÃO PEDRO","SP"
"SDAG","ANGRA DOS REIS","ANGRA DOS REIS","RJ"
"SDAI","AMERICANA","AMERICANA","SP"
"SDAM","ESTADUAL DE CAMPOS DOS AMARAIS - PREFEITO FRANCISCO AMARAL","CAMPINAS","SP"
"SDBA","BATATAIS","BATATAIS","SP"
"SDBB","BEBEDOURO","BEBEDOURO","SP"
"SDBK","TANCREDO DE ALMEIDA NEVES","BOTUCATU","SP"
"SDBY","BARIRI","BARIRI","SP"
"SDCA","CAPÃO BONITO","CAPÃO BONITO","SP"
"SDCG","SENADORA EUNICE MICHILES","SÃO PAULO DE OLIVENÇA","AM"
"SDCO","SOROCABA","SOROCABA","SP"
"SDDN","PAULINO RIBEIRO DE ANDRADE","ANDRADINA","SP"
"SDDR","DRACENA","DRACENA","SP"
"SDEP","GERALDO MOACIR BORDON","PRESIDENTE EPITÁCIO","SP"
"SDET","TIETÊ","TIETÊ","SP"
"SDFD","CORONEL AVIADOR CARLOS ORLEANS GUIMARÃES","FERNANDÓPOLIS","SP"
"SDFX","CASA NOVA","CASA NOVA","BA"
"SDGC","GARÇA","GARÇA","SP"
"SDIG","IBITINGA","IBITINGA","SP"
"SDIM","DR. ANTONIO RIBEIRO NOGUEIRA JÚNIOR","ITANHAÉM","SP"
"SDIV","ITUVERAVA","ITUVERAVA","SP"
"SDJC","JABOTICABAL","JABOTICABAL","SP"
"SDJO","SÃO JOAQUIM DA BARRA","SÃO JOAQUIM DA BARRA","SP"
"SDJV","MUNICIPAL DE SÃO JOÃO DA BOA VISTA","SÃO JOÃO DA BOA VISTA","SP"
"SDKJ","FORMOSA DO RIO PRETO","FORMOSA DO RIO PRETO","BA"
"SDKK","MOCOCA","MOCOCA","SP"
"SDLL","YOLANDA PENTEADO","LEME","SP"
"SDLP","MUNICIPAL JOSÉ BOSO","LENÇÓIS PAULISTA","SP"
"SDLY","ARMANDO NATALI","MATÃO","SP"
"SBMI","MARICÁ","MARICÁ","RJ"
"SDMH","MIRASSOL","MIRASSOL","SP"
"SDMJ","MOGI MIRIM","MOGI MIRIM","SP"
"SDMO","MONTE ALTO","MONTE ALTO","SP"
"SDNH","NOVO HORIZONTE","NOVO HORIZONTE","SP"
"SDNM","BRIGADEIRO EDUARDO GOMES","NOVA MUTUM","MT"
"SDNO","NELSON GARÓFALO","SÃO MANUEL","SP"
"SDOU","JORNALISTA BENEDITO PIMENTEL","OURINHOS","SP"
"SDOV","MOZARLÂNDIA","MOZARLÂNDIA","GO"
"SDOW","OURILÂNDIA DO NORTE","OURILÂNDIA DO NORTE","PA"
"SDPD","PINDAMONHANGABA","PINDAMONHANGABA","SP"
"SDPN","PENÁPOLIS","PENÁPOLIS","SP"
"SDPV","PRESIDENTE VENCESLAU","PRESIDENTE VENCESLAU","SP"
"SDPW","PEDRO MORGANTI","PIRACICABA","SP"
"SDPY","PIRASSUNUNGA","PIRASSUNUNGA","SP"
"SDRK","RIO CLARO","RIO CLARO","SP"
"SDRR","AVARÉ-ARANDU","AVARÉ","SP"
"SDRS","RESENDE","RESENDE","RJ"
"SDSC","MÁRIO PEREIRA LOPES","SÃO CARLOS","SP"
"SBSO","REGIONAL DE SORRISO ADOLINO BEDIN","SORRISO","MT"
"SDTB","ATIBAIA","ATIBAIA","SP"
"SDTF","TATUÍ","TATUÍ","SP"
"SDTI","TUPI PAULISTA","TUPI PAULISTA","SP"
"SDTK","PARATY","PARATY","RJ"
"SDTP","JOSÉ VICENTE FARIA LIMA","TUPÃ","SP"
"SDUB","ESTADUAL GASTÃO MADEIRA","UBATUBA","SP"
"SDUN","ITAPERUNA","ITAPERUNA","RJ"
"SDUQ","PARAGUAÇU PAULISTA","PARAGUAÇU PAULISTA","SP"
"SDVE","VERA CRUZ","VERA CRUZ","SP"
"SDVG","DOMINGOS PIGNATARI","VOTUPORANGA","SP"
"SDWQ","ALENQUER","ALENQUER","PA"
"SDXF","ALTO PARAÍSO DE GOIÁS","ALTO PARAÍSO DE GOIÁS","GO"
"SDXJ","COSTA RICA","COSTA RICA","MS"
"SDZG","PEDRO TEIXEIRA CASTELO REGIONAL TAUÁ","TAUÁ","CE"
"SIBU","JERÔNIMO SÉRGIO ROSADO MAIA","CATOLÉ DO ROCHA","PB"
"SIBW","CONCEIÇÃO","CONCEIÇÃO","PB"
"SIBY","LOURIVAL NUNES DE FARIAS","MONTEIRO","PB"
"SIBZ","ITAPORANGA","ITAPORANGA","PB"
"SICB","PEDRO SIMÕES PIMENTA","CUITÉ","PB"
"SILC","AEROPORTO MUNICIPAL BOM FUTURO ","LUCAS DO RIO VERDE","MT"
"SIMK","TENENTE LUND PRESSOTO","FRANCA","SP"
"SIZX","JUARA SUL","JUARA","MT"
"SJAU","ARAGUACEMA","ARAGUACEMA","TO"
"SJBY","JOÃO SILVA","SANTA INÊS","MA"
"SJGU","ARAGUATINS","ARAGUATINS","TO"
"SBJA","REGIONAL SUL","JAGUARUNA","SC"
"SJOG","ARIQUEMES","ARIQUEMES","RO"
"SJQN","QUIRINÓPOLIS","QUIRINÓPOLIS","GO"
"SJRG","REGIONAL DE RIO GRANDE","RIO GRANDE","RS"
"SJTS","TERRA SANTA","TERRA SANTA","PA"
"SJVO","ARAGARÇAS","ARAGARÇAS","GO"
"SJZA","PEDRO VIEIRA MOREIRA","CAJAZEIRAS","PB"
"SNAB","ARARIPINA","ARARIPINA","PE"
"SNAE","ARCOVERDE","ARCOVERDE","PE"
"SNAG","ARAGUARI","ARAGUARI","MG"
"SNAL","ARAPIRACA","ARAPIRACA","AL"
"SNAP","JANAÚBA","JANAÚBA","MG"
"SNAR","CIRILO QUEIRÓZ","ALMENARA","MG"
"SNAS","TRÊS MARIAS","TRÊS MARIAS","MG"
"SBAC","AEROPORTO REGIONAL DE CANOA QUEBRADA DRAGÃO DO MAR","ARACATI","CE"
"SNAX","MARCELO PIRES HALZHAUSEN","ASSIS","SP"
"SNBA","CHAFEI AMSEI (SBBT*)","BARRETOS","SP"
"SNBC","BARRA DO CORDA","BARRA DO CORDA","MA"
"SNBG","BAIXO GUANDU - AIMORÉS","BAIXO GUANDU","ES"
"SNBI","BACABAL","BACABAL","MA"
"SNBM","CRISTIANO FERREIRA VARELLA","MURIAÉ","MG"
"SNBR","DOM RICARDO WEBERBERGER","BARREIRAS","BA"
"SNBS","BALSAS","BALSAS","MA"
"SNBX","BARRA","BARRA","BA"
"SNBZ","PARAMIRIM","PARAMIRIM","BA"
"SNCA","CAMPO BELO","CAMPO BELO","MG"
"SNCS","CAMPOS SALES","CAMPOS SALES","CE"
"SNCT","CARATINGA","UBAPORANGA","MG"
"SNCX","COLATINA","COLATINA","ES"
"SNCZ","PONTE NOVA","PONTE NOVA","MG"
"SNDC","REDENÇÃO","REDENÇÃO","PA"
"SNDT","JUSCELINO KUBITSCHEK","DIAMANTINA","MG"
"SNDV","BRIGADEIRO ANTÔNIO CABRAL","DIVINÓPOLIS","MG"
"SNEB","NAGIB DEMACHKI","PARAGOMINAS","PA"
"SNED","SÓCRATES REZENDE","CANAVIEIRAS","BA"
"SNEE","VACARIA NOVO","VACARIA","RS"
"SNFE","COMANDANTE PASCHOAL PATROCÍNIO FILHO","ALFENAS","MG"
"SNFO","FORMIGA","FORMIGA","MG"
"SNFU","FRUTAL","FRUTAL","MG"
"SNFX","SÃO FÉLIX DO XINGU","SÃO FÉLIX DO XINGU","PA"
"SNGA","GUARAPARI","GUARAPARI","ES"
"SNGB","GILBUÉS","GILBUÉS","PI"
"SNGD","GUADALUPE","GUADALUPE","PI"
"SNGG","BOM JESUS DO GURGUÉIA","BOM JESUS","PI"
"SNGI","GUANAMBI","GUANAMBI","BA"
"SNGN","GARANHUNS","GARANHUNS","PE"
"SNGX","GUAXUPÉ","GUAXUPÉ","MG"
"SNHS","SANTA MAGALHÃES","SERRA TALHADA","PE"
"SNIB","ITABERABA","ITABERABA","BA"
"SNIC","IRECÊ","IRECÊ","BA"
"SNIE","CAETITÉ","CAETITÉ","BA"
"SNIG","IGUATU","IGUATU","CE"
"SNIO","CIPÓ","CIPÓ","BA"
"SNIP","ITAPETINGA","ITAPETINGA","BA"
"SNIT","IBOTIRAMA","IBOTIRAMA","BA"
"SNIU","IPIAÚ","IPIAÚ","BA"
"SNJB","JACOBINA","JACOBINA","BA"
"SDIY","JOÃO DURVAL CARNEIRO (SBFE*)","FEIRA DE SANTANA","BA"
"SNJK","JEQUIÉ","JEQUIÉ","BA"
"SNJM","ELIAS BREDER","MANHUAÇU","MG"
"SNJP","JOÃO PINHEIRO","JOÃO PINHEIRO","MG"
"SNJQ","JEQUITINHONHA","JEQUITINHONHA","MG"
"SNJR","PREFEITO OCTÁVIO DE ALMEIDA NEVES","SÃO JOÃO DEL REI","MG"
"SNKD","CONCEIÇÃO DO MATO DENTRO","CONCEIÇÃO DO MATO DENTRO","MG"
"SNKF","DAS BANDEIRINHAS","CONSELHEIRO LAFAIETE","MG"
"SNKI","CACHOEIRO DE ITAPEMIRIM","CACHOEIRO DE ITAPEMIRIM","ES"
"SNKN","CURRAIS NOVOS","CURRAIS NOVOS","RN"
"SNKR","CORRENTE","CORRENTE","PI"
"SNLI","ABAETÉ","ABAETÉ","MG"
"SNLN","MUNICIPAL DE LINHARES","LINHARES","ES"
"SNLO","SÃO LOURENÇO","SÃO LOURENÇO","MG"
"SNLT","PAULISTANA","PAULISTANA","PI"
"SNMA","MONTE ALEGRE","MONTE ALEGRE","PA"
"SNMH","PIRENÓPOLIS","PIRENÓPOLIS","GO"
"SNMJ","MARACÁS","MARACÁS","BA"
"SNMK","MOCAMBINHO","JAÍBA","MG"
"SNMN","MINAS NOVAS","MINAS NOVAS","MG"
"SNMR","MARAÚ","MARAÚ","BA"
"SNMX","SÃO MATEUS","SÃO MATEUS","ES"
"SNMZ","PORTO DE MOZ","PORTO DE MOZ","PA"
"SNNE","SEBASTIÃO CARLOS LEITE","SÃO JOÃO NEPOMUCENO","MG"
"SNNU","NANUQUE","NANUQUE","MG"
"SNOB","AERÓDROMO PÚBLICO DE SOBRAL","SOBRAL","CE"
"SNOE","OEIRAS","OEIRAS","PI"
"SNOS","MUNICIPAL JOSÉ FIGUEIREDO","PASSOS","MG"
"SNOX","ORIXIMINÁ","ORIXIMINÁ","PA"
"SNPA","PARÁ DE MINAS","PARÁ DE MINAS","MG"
"SNPC","PICOS","PICOS","PI"
"SNPD","PATOS DE MINAS","PATOS DE MINAS","MG"
"SNPJ","PATROCÍNIO","PATROCÍNIO","MG"
"SNPQ","PESQUEIRA","PESQUEIRA","PE"
"SBCZ","CRUZEIRO DO SUL","CRUZEIRO DO SUL","AC"
"SNPX","PIRAPORA","PIRAPORA","MG"
"SNPY","SÃO SEBASTIÃO DO PARAÍSO","SÃO SEBASTIÃO DO PARAÍSO","MG"
"SNQD","SOUSA","SOUSA","PB"
"SNQG","CANGAPARA","FLORIANO","PI"
"SNQU","MUCUGÊ","MUCUGÊ","BA"
"SNQV","CURVELO","CURVELO","MG"
"SNQX","QUIXADÁ","QUIXADÁ","CE"
"SNRD","PRADO","PRADO","BA"
"SNRM","REMANSO","REMANSO","BA"
"SNRP","RIO PARANAÍBA","RIO PARANAÍBA","MG"
"SNRU","CARUARU","CARUARU","PE"
"SNRX","RIACHÃO","RIACHÃO","MA"
"SNRZ","OLIVEIRA","OLIVEIRA","MG"
"SNSE","SENTO SÉ","SENTO SÉ","BA"
"SNSG","SALGUEIRO","SALGUEIRO","PE"
"SNSI","SANTA MARIA DO SUAÇUÍ","SANTA MARIA DO SUAÇUÍ","MG"
"SNSM","SALINÓPOLIS","SALINÓPOLIS","PA"
"SNSS","SALINAS","SALINAS","MG"
"SNTF","TEIXEIRA DE FREITAS","TEIXEIRA DE FREITAS","BA"
"SNTI","ÓBIDOS","ÓBIDOS","PA"
"SNTO","JUSCELINO KUBITSCHECK","TEÓFILO OTONI","MG"
"SNTQ","BURITIRAMA","BURITIRAMA","BA"
"SNTS","BRIGADEIRO FIRMINO AYRES","PATOS","PB"
"SNUB","UBÁ","UBÁ","MG"
"SNUH","PIUMHI","PIUMHI","MG"
"SNUI","ARAÇUAÍ","ARAÇUAÍ","MG"
"SNUN","UNAÍ","UNAÍ","MG"
"SNVB","VALENÇA","VALENÇA","BA"
"SNVC","VIÇOSA","VIÇOSA","MG"
"SNVD","SANTA MARIA DA VITÓRIA","SANTA MARIA DA VITÓRIA","BA"
"SNVI","MELLO VIANA","TRÊS CORAÇÕES","MG"
"SNVS","BREVES","BREVES","PA"
"SNWC","CAMOCIM","CAMOCIM","CE"
"SNWS","CRATEÚS","CRATEÚS","CE"
"SNXB","CAXAMBU","CAXAMBU","MG"
"SNXQ","XIQUE-XIQUE","XIQUE-XIQUE","BA"
"SNYA","ALMEIRIM","ALMEIRIM","PA"
"SNYB","TITO TEIXEIRA","ITUIUTABA","MG"
"SNYE","PINHEIRO","PINHEIRO","MA"
"SNYU","ITURAMA","ITURAMA","MG"
"SNZA","POUSO ALEGRE","POUSO ALEGRE","MG"
"SNZR","PEDRO RABELO DE SOUZA","PARACATU","MG"
"SSAB","MOISÉS LUPION","IBAITI","PR"
"SSAE","ARROIO GRANDE","ARROIO GRANDE","RS"
"SSAK","CARLOS RUHL","CRUZ ALTA","RS"
"SSAN","JOÃO GALDINO","ANDIRÁ","PR"
"SSAP","CAPITÃO JOÃO BUSSE","APUCARANA","PR"
"SSAQ","AEROCLUBE DE PASSO FUNDO","PASSO FUNDO","RS"
"SSBL","BLUMENAU","BLUMENAU","SC"
"SSBN","BELÉM NOVO","PORTO ALEGRE","RS"
"SSBV","BELA VISTA","BELA VISTA","MS"
"SSCB","MUNICIPAL DE CASA BRANCA","CASA BRANCA","SP"
"SSCD","CHAPADÃO DO SUL","CHAPADÃO DO SUL","MS"
"SSCI","COXIM","COXIM","MS"
"SSCK","OLAVO CECCO RIGON","CONCÓRDIA","SC"
"SNPU","COMANDANTE VIRGILIO BORIM","PARAGUAÇU","MG"
"SSCN","CANELA","CANELA","RS"
"SSCP","FRANCISCO LACERDA JÚNIOR","CORNÉLIO PROCÓPIO","PR"
"SSCR","RUBEN BERTA","MARECHAL CÂNDIDO RONDON","PR"
"SSCT","ENGENHEIRO GASTÃO DE MESQUITA FILHO","CIANORTE","PR"
"SSEE","REGIONAL DO VALE DO TAQUARI","ESTRELA","RS"
"SSEP","SÃO SEPÉ","SÃO SEPÉ","RS"
"SSER","ERECHIM","ERECHIM","RS"
"SSEZ","ESPUMOSO","ESPUMOSO","RS"
"SSFB","PAULO ABDALA","FRANCISCO BELTRÃO","PR"
"SSFL","JOÃO PEREIRA DOS SANTOS FILHO","FRONTEIRAS","PI"
"SSGA","GARIBALDI","GARIBALDI","RS"
"SSGB","MUNICIPAL DE GUARATUBA","GUARATUBA","PR"
"SSGW","MANOEL RIBAS","GOIOERÊ","PR"
"SSGY","GUAÍRA","GUAÍRA","PR"
"SSHZ","WALTER BÜNDCHEN","HORIZONTINA","RS"
"SSIE","TERUEL IPANEMA ESTÂNCIA","CAMPO GRANDE","MS"
"SSIJ","IJUÍ","IJUÍ","RS"
"SSIQ","ITAQUI","ITAQUI","RS"
"SSIR","IBIRUBÁ","IBIRUBÁ","RS"
"SSJA","SANTA TEREZINHA","JOAÇABA","SC"
"SSJI","JARDIM","JARDIM","MS"
"SSJK","JÚLIO DE CASTILHOS","JÚLIO DE CASTILHOS","RS"
"SSKG","ESTÂNCIA SANTA MARIA","CAMPO GRANDE","MS"
"SSKK","CAPÃO DA CANOA","CAPÃO DA CANOA","RS"
"SSKM","CAMPO MOURÃO","CAMPO MOURÃO","PR"
"SSKS","BRIGADEIRO NERO MOURA","CACHOEIRA DO SUL","RS"
"SSKU","LAURO ANTÔNIO DA COSTA","CURITIBANOS","SC"
"SSKW","CACOAL","CACOAL","RO"
"SSKZ","CARAZINHO","CARAZINHO","RS"
"SSLG","SÃO LUIZ GONZAGA","SÃO LUIZ GONZAGA","RS"
"SSLN","HELMUTH BAUNGARTEM","LONTRAS","SC"
"SSLO","ATTILLIO ACCORSI","LOANDA","PR"
"SSLT","GAUDÊNCIO MACHADO RAMOS","ALEGRETE","RS"
"SSMJ","MARACAJU","MARACAJU","MS"
"SSMR","MANOEL RIBAS","MANOEL RIBAS","PR"
"SSMT","MOSTARDAS","MOSTARDAS","RS"
"SSNB","ARIOSTO DA RIVA","NAVIRAÍ","MS"
"SSNG","MONTENEGRO","MONTENEGRO","RS"
"SSNH","NOVO HAMBURGO","NOVO HAMBURGO","RS"
"SSNP","NOVA PRATA","NOVA PRATA","RS"
"SSNQ","NIOAQUE","NIOAQUE","MS"
"SSOE","HÉLIO WASUM","SÃO MIGUEL DO OESTE","SC"
"SSOG","ARAPONGAS","ARAPONGAS","PR"
"SSOI","PEDERNEIRAS","PEDERNEIRAS","SP"
"SSOL","PADRE ISRAEL (ISRAEL BATISTA DE CARVALHO)","LAVRAS","MG"
"SSOS","OSÓRIO","OSÓRIO","RS"
"SBPO","AEROPORTO REGIONAL DE PATO BRANCO - PROFESSOR JUVENAL LOUREIRO CARDOSO","PATO BRANCO","PR"
"SSPG","SANTOS DUMONT","PARANAGUÁ","PR"
"SSPI","EDU CHAVES","PARANAVAÍ","PR"
"SSPL","PALMEIRA DAS MISSÕES","PALMEIRA DAS MISSÕES","RS"
"SSPM","PORTO MURTINHO","PORTO MURTINHO","MS"
"SSPN","PARANAÍBA","PARANAÍBA","MS"
"SSPS","DIMORVAN CARRARO","PALMAS","PR"
"SSPT","BRASÍLIO MARQUES","PALOTINA","PR"
"SSQC","AGUINALDO PEREIRA LIMA","SIQUEIRA CAMPOS","PR"
"SSQP","MONTE SANTO","MONTE SANTO","BA"
"SSQT","MAJOR NEODO S. PEREIRA","CASTRO","PR"
"SSRE","REALEZA","REALEZA","PR"
"SSRF","CASTRO ALVES","CASTRO ALVES","BA"
"SSRG","AEROPORTO ESTADUAL DE REGISTRO","REGISTRO","SP"
"SSRS","BARREIRINHAS","BARREIRINHAS","MA"
"SSRU","SÃO LOURENÇO DO SUL","SÃO LOURENÇO DO SUL","RS"
"SSRZ","DÁRIO BRASIL CAPOANO DE OLIVEIRA","ROSÁRIO DO SUL","RS"
"SSSB","SÃO BORJA","SÃO BORJA","RS"
"SSSC","SANTA CRUZ DO SUL","SANTA CRUZ DO SUL","RS"
"SSSD","SOLEDADE","SOLEDADE","RS"
"SSSG","SÃO GABRIEL","SÃO GABRIEL","RS"
"SSSS","SÃO FRANCISCO DO SUL","SÃO FRANCISCO DO SUL","SC"
"SSST","SANTIAGO","SANTIAGO","RS"
"SSSZ","SERTANÓPOLIS","SERTANÓPOLIS","PR"
"SSTB","TRÊS BARRAS","TRÊS BARRAS","SC"
"SSUM","ORLANDO DE CARVALHO","UMUARAMA","PR"
"SSUV","JOSÉ CLETO","UNIÃO DA VITÓRIA","PR"
"SBVC","GLAUBER DE ANDRADE ROCHA","VITÓRIA DA CONQUISTA","BA"
"SSVI","ÂNGELO PONZONI","VIDEIRA","SC"
"SSVL","TELÊMACO BORBA (SBTL*)","TELÊMACO BORBA","PR"
"SSVN","VERANÓPOLIS","VERANÓPOLIS","RS"
"SBJE","COMANDANTE ARISTON PESSOA","CRUZ","CE"
"SSWS","CAÇAPAVA DO SUL","CAÇAPAVA DO SUL","RS"
"SSXX","MUNICIPAL JOÃO WINCKLER","XANXERÊ","SC"
"SSZR","LUIS ALBERTO LEHR","SANTA ROSA","RS"
"SBPG","COMANDANTE ANTÔNIO AMILTON BERALDO","PONTA GROSSA","PR"
"SWBC","BARCELOS","BARCELOS","AM"
"SWBE","WALFRIDO SALMITO DE ALMEIDA","SÃO BENEDITO","CE"
"SWBG","ANDRÉ ANTÔNIO MAGGI","PONTES E LACERDA","MT"
"SWBR","BORBA","BORBA","AM"
"SWCA","CARAUARI","CARAUARI","AM"
"SWCB","CAMPOS BELOS","CAMPOS BELOS","GO"
"SWCQ","COSTA MARQUES","COSTA MARQUES","RO"
"SWCZ","CERES","CERES","GO"
"SWDM","DIAMANTINO","DIAMANTINO","MT"
"SWDN","DIANÓPOLIS","DIANÓPOLIS","TO"
"SWEI","EIRUNEPÉ","EIRUNEPÉ","AM"
"SWEK","CANARANA","CANARANA","MT"
"SWFN","FLORES","MANAUS","AM"
"SWFR","FORMOSA","FORMOSA","GO"
"SWFX","SÃO FÉLIX DO ARAGUAIA","SÃO FÉLIX DO ARAGUAIA","MT"
"SWGI","GURUPI","GURUPI","TO"
"SWGN","ARAGUAÍNA","ARAGUAÍNA","TO"
"SWHP","FREDERICO CARLOS MÜLLER","ÁGUA BOA","MT"
"SWHT","FRANCISCO CORREA DA CRUZ","HUMAITÁ","AM"
"SWII","IPIRANGA","SANTO ANTÔNIO DO IÇÁ","AM"
"SWIQ","JOSÉ CAIRES DE OLIVEIRA","MINAÇU","GO"
"SWJN","JUÍNA","JUÍNA","MT"
"SWJW","JATAÍ","JATAÍ","GO"
"SWKC","CÁCERES","CÁCERES","MT"
"SWKO","COARI","COARI","AM"
"SWKQ","SERRA DA CAPIVARA/SÃO RAIMUNDO NONATO","SÃO RAIMUNDO NONATO","PI"
"SWKT","CATALÃO","CATALÃO","GO"
"SWLB","LÁBREA","LÁBREA","AM"
"SWLC","GENERAL LEITE DE CASTRO","RIO VERDE","GO"
"SWME","MINEIROS","MINEIROS","GO"
"SWMW","MAUÉS","MAUÉS","AM"
"SWNH","ARUANÃ","ARUANÃ","GO"
"SWNK","NOVO CAMPO","BOCA DO ACRE","AM"
"SWNQ","NIQUELÂNDIA","NIQUELÂNDIA","GO"
"SWNS","ANÁPOLIS","ANÁPOLIS","GO"
"SBNV","AERÓDROMO NACIONAL DE AVIAÇÃO","GOIÂNIA","GO"
"SWOB","FONTE BOA","FONTE BOA","AM"
"SWPG","PORTO DOS GAÚCHOS","PORTO DOS GAÚCHOS","MT"
"SWPI","PARINTINS","PARINTINS","AM"
"SWPK","POCONÉ","POCONÉ","MT"
"SWPM","PIMENTA BUENO","PIMENTA BUENO","RO"
"SWPR","PIRES DO RIO","PIRES DO RIO","GO"
"SWPY","PRIMAVERA DO LESTE","PRIMAVERA DO LESTE","MT"
"SWPZ","OURIÇANGA DE ABREU","POSSE","GO"
"SWRO","AEROCLUBE DE RONDÔNIA","PORTO VELHO","RO"
"SBSI","PRESIDENTE JOÃO BATISTA FIGUEIREDO","SINOP","MT"
"SWTO","PARAÍSO DO TOCANTINS","PARAÍSO DO TOCANTINS","TO"
"SWTP","SANTA ISABEL DO RIO NEGRO","SANTA ISABEL DO RIO NEGRO","AM"
"SWTS","TANGARÁ DA SERRA","TANGARÁ DA SERRA","MT"
"SWTY","TAGUATINGA","TAGUATINGA","TO"
"SWUA","SÃO MIGUEL DO ARAGUAIA","SÃO MIGUEL DO ARAGUAIA","GO"
"SWUD","DEPUTADO OSWALDO TOLENTINO","CLÁUDIO","MG"
"SWUZ","BRIGADEIRO ARARIPE MACEDO","LUZIÂNIA","GO"
"SWVC","VILA RICA","VILA RICA","MT"
"SWWA","PORANGATU","PORANGATU","GO"
"SWWU","URUAÇU","URUAÇU","GO"
"SWXM","REGIONAL ORLANDO VILLAS BOAS","MATUPÁ","MT"
"SWXQ","LINS","LINS","SP"
"SWXV","XAVANTINA","NOVA XAVANTINA","MT"
"SWYN","APUÍ","APUÍ","AM"
"SBJH","SÃO PAULO CATARINA AEROPORTO EXECUTIVO","SÃO ROQUE","SP"
"SJXI","SANTA RITA DO SAPUCAÍ","SANTA RITA DO SAPUCAÍ","MG"
"SNCP","AEROPORTO REGIONAL DO PLANALTO SERRANO","CORREIA PINTO","SC"
"SBTC","UNA/COMANDATUBA","UNA","BA"
"SDH2","PORTO ALEGRE DO NORTE","PORTO ALEGRE DO NORTE","MT"
"SNOF","OURO FINO","OURO FINO","MG"
"SDK7","NOVA ANDRADINA","NOVA ANDRADINA","MS"
"SJ4Y","MORRINHOS","MORRINHOS","GO"
"SI68","GELINDO STEFANUTO","CAMPO NOVO DO PARECIS","MT"
"SN6L","DR. LUCIANO DE ARRUDA COELHO","SOBRAL","CE"
"SBFS","FAROL DE SÃO TOMÉ","CAMPOS DOS GOYTACAZES","RJ"
"SN3Y","NOVO AEROPORTO DE BOM JESUS DA LAPA","BOM JESUS DA LAPA","BA"
